model,threshold,precision_mean,precision_var,recall_mean,recall_var,f1_mean,f1_var,pos_acc_mean,neg_acc_mean
all-mpnet-base-v2,0.1,0.5808522171415428,0.0003101201082821329,0.9975484479754056,3.1814330240482153e-06,0.7340393941067751,0.000205550529566526,0.9975484479754056,0.28034296282874727
all-mpnet-base-v2,0.11,0.593444355680925,0.0003741014813964825,0.996420390049954,6.834078348191623e-06,0.7436927922492262,0.000252272247584994,0.996420390049954,0.31767120392749376
all-mpnet-base-v2,0.12,0.6082104071629375,0.000407285812396084,0.9947880431684201,6.082123239024536e-06,0.7547070629416103,0.00026511968798733656,0.9947880431684201,0.35952085273210826
all-mpnet-base-v2,0.13,0.6256701619740057,0.0002591534720847202,0.9931359682246848,7.946168252410202e-06,0.7675941050457847,0.00016667893758760867,0.9931359682246848,0.40609622569151743
all-mpnet-base-v2,0.13999999999999999,0.6431661213426649,0.00027675621899987235,0.9925842791753137,1.0946365503785187e-05,0.7804483727836915,0.00016894161380791282,0.9925842791753137,0.44949777236302085
all-mpnet-base-v2,0.14999999999999997,0.6613888283917019,0.0001526608891573105,0.9909736199161117,1.3675974579082126e-05,0.7932493418627404,8.631535724328677e-05,0.9909736199161117,0.4926244173749776
all-mpnet-base-v2,0.15999999999999998,0.6820686507995546,0.00015559581913647568,0.9896017854415307,1.9010687563620245e-05,0.8074916568973487,9.003179864390847e-05,0.9896017854415307,0.5388408294347637
all-mpnet-base-v2,0.16999999999999998,0.6984067384361063,0.00017967099441290789,0.9876753620752989,2.6782629621045447e-05,0.8181693090728752,0.0001051599631203102,0.9876753620752989,0.5736080202323
all-mpnet-base-v2,0.17999999999999997,0.7163211255634125,0.00019569870119152724,0.9857903543936002,3.185605838922959e-05,0.8296585894724222,0.0001066637076532686,0.9857903543936002,0.609752067710206
all-mpnet-base-v2,0.18999999999999995,0.7356999675275613,0.00016169653799045667,0.9846820245303499,4.259402628183813e-05,0.8421182096063999,8.779786028300227e-05,0.9846820245303499,0.6463274215377495
all-mpnet-base-v2,0.19999999999999996,0.7538982433823634,0.0002765559561257293,0.9830635136643598,3.622112039169198e-05,0.8532767061862353,0.00013920867077810506,0.9830635136643598,0.6794193741198826
all-mpnet-base-v2,0.20999999999999996,0.7725044422989192,0.0002475688061864964,0.9800317526392558,4.922785338085194e-05,0.8639299563093246,0.0001468417180205482,0.9800317526392558,0.71158823226095
all-mpnet-base-v2,0.21999999999999995,0.7908871174715797,0.000155310841672548,0.9775851523791695,4.4566984990454184e-05,0.8743479265474006,9.197891404597321e-05,0.9775851523791695,0.7415864374213729
all-mpnet-base-v2,0.22999999999999995,0.8102125881223682,0.0001568617803975546,0.9762083661400804,4.737060381905857e-05,0.8854705825298842,9.550601999225487e-05,0.9762083661400804,0.7714931243923845
all-mpnet-base-v2,0.23999999999999994,0.8274763432540923,0.00011354481276558141,0.9729850880615458,3.704920285597363e-05,0.8943284455026766,6.616193909610366e-05,0.9729850880615458,0.797238998595672
all-mpnet-base-v2,0.24999999999999992,0.8455782471653581,3.69193732254112e-05,0.9702552551279278,4.376872760880273e-05,0.9036176095345635,2.3322355907846154e-05,0.9702552551279278,0.822561180488887
all-mpnet-base-v2,0.2599999999999999,0.8615564939756697,9.338648606446712e-05,0.9656266708591652,4.2520076051872766e-05,0.9106021889761863,5.024012597685928e-05,0.9656266708591652,0.8445945477867894
all-mpnet-base-v2,0.2699999999999999,0.8713126917968003,9.199416867892054e-05,0.9612595392795049,4.946810729659593e-05,0.9140571332645928,5.518039544647499e-05,0.9612595392795049,0.8579913752807198
all-mpnet-base-v2,0.2799999999999999,0.8824201195928041,5.7983085516584194e-05,0.9578042687451565,3.736339449546277e-05,0.91855175901484,3.4342293093144194e-05,0.9578042687451565,0.8723947615481542
all-mpnet-base-v2,0.2899999999999999,0.8926754325902613,6.917644137884182e-05,0.9534954600657825,2.6556432232444224e-05,0.9220705280499131,3.823226009131784e-05,0.9534954600657825,0.8854787852889222
all-mpnet-base-v2,0.29999999999999993,0.9040108009217374,3.4626897062012485e-05,0.9491520680306824,2.5410006335192017e-05,0.9260242591945922,2.362304036049929e-05,0.9491520680306824,0.8992912405326432
all-mpnet-base-v2,0.30999999999999994,0.9140949832074681,4.8318273771250794e-05,0.945284273642596,4.305183232685461e-05,0.9294129880875026,3.201276292986256e-05,0.945284273642596,0.9112600165089324
all-mpnet-base-v2,0.3199999999999999,0.9233506293134799,2.8910628068916102e-05,0.9422742002398236,6.506291787866033e-05,0.9327015256303277,3.2695695545901214e-05,0.9422742002398236,0.9218044910766471
all-mpnet-base-v2,0.32999999999999985,0.9366690246591041,1.1263674179145338e-05,0.9376811396089366,6.77164987547432e-05,0.9371541462622177,2.0081232367516792e-05,0.9376811396089366,0.9363198517959962
all-mpnet-base-v2,0.33999999999999986,0.9430054130222416,2.6550897607851594e-05,0.9320408928615336,4.5702685142476116e-05,0.9374781385368426,2.4167362958109512e-05,0.9320408928615336,0.9433786943523392
all-mpnet-base-v2,0.34999999999999987,0.9469777301976355,2.4318811497329024e-05,0.9281810424423333,6.784647618351895e-05,0.9374601981399199,2.3366316240715214e-05,0.9281810424423333,0.9477192545420106
all-mpnet-base-v2,0.3599999999999999,0.9510182655007082,2.350757617749933e-05,0.9208492646267926,8.403481604141787e-05,0.9356705055306389,3.657164510056661e-05,0.9208492646267926,0.9523877186151329
all-mpnet-base-v2,0.3699999999999999,0.9561142264555231,2.3211571830969723e-05,0.9156028034353181,0.00014826344748777466,0.9353838617034912,5.651783495593481e-05,0.9156028034353181,0.9578419630121726
all-mpnet-base-v2,0.3799999999999999,0.9603851625390722,1.3478857455911279e-05,0.9069702384209475,0.0001578141214772554,0.9328730300978265,5.456912998504001e-05,0.9069702384209475,0.9624579001409923
all-mpnet-base-v2,0.3899999999999999,0.965103077554043,2.2157835336108568e-05,0.8996581096717765,0.00014356152657026206,0.9311992190735328,5.925906404490337e-05,0.8996581096717765,0.9673483597640358
all-mpnet-base-v2,0.3999999999999998,0.9719258179986504,2.509773910948069e-05,0.8904165653519961,0.00014589458027795222,0.9293338382754127,4.459938922647126e-05,0.8904165653519961,0.9741579882913628
all-mpnet-base-v2,0.4099999999999998,0.976350478135154,2.8043143484273266e-05,0.8839048539658336,0.0001652316079587554,0.9277649776740906,4.696481882580137e-05,0.8839048539658336,0.9785501348630714
all-mpnet-base-v2,0.4199999999999998,0.9790622045761482,2.1285454760094128e-05,0.8750127168266595,0.00015972654134301968,0.9240535149915603,4.3896383235932234e-05,0.8750127168266595,0.9812779592297953
all-mpnet-base-v2,0.4299999999999998,0.980878493133466,2.0865601331800825e-05,0.8646973470035233,0.00022210490270184124,0.9190571124131509,7.373564710220449e-05,0.8646973470035233,0.9832019780261136
all-mpnet-base-v2,0.43999999999999984,0.9830103677890317,1.2759218388799579e-05,0.8524458082768017,0.00020848097656512402,0.9130253666243539,7.970070581976928e-05,0.8524458082768017,0.9853939033067869
all-mpnet-base-v2,0.44999999999999984,0.9856674309705722,1.2810473617896555e-05,0.8405938186745925,0.00015993363551357098,0.9073112712320972,5.3505348313402396e-05,0.8405938186745925,0.9878007434793858
all-mpnet-base-v2,0.45999999999999985,0.9880162802016192,1.7307648117484217e-05,0.8313000148591128,0.0001768929958948315,0.9028559558860174,7.258870263159896e-05,0.8313000148591128,0.989986529538313
all-mpnet-base-v2,0.46999999999999986,0.9891250605879074,1.6145468170639445e-05,0.8196365501059557,0.00015443982035402595,0.8963956743101056,6.750223179130837e-05,0.8196365501059557,0.9910824921786496
all-mpnet-base-v2,0.47999999999999976,0.9899528599953771,1.309655207191027e-05,0.8088228623692265,0.00016162843609329332,0.8902220155413468,7.123957487401478e-05,0.8088228623692265,0.9919042507661668
all-mpnet-base-v2,0.48999999999999977,0.9914948208092614,9.785810770589499e-06,0.8016568101403273,0.0002353203080199315,0.886466263582647,0.00010926122964116655,0.8016568101403273,0.993262922105362
all-mpnet-base-v2,0.4999999999999998,0.9917228761265594,7.385952984622919e-06,0.7878765166075872,0.00017319895945857997,0.8780765894322808,8.040589954058084e-05,0.7878765166075872,0.9935193323617721
all-mpnet-base-v2,0.5099999999999998,0.9932937971977353,9.851838210790705e-06,0.7731961461228507,0.00017272265447491162,0.8694888584021282,8.795481945042224e-05,0.7731961461228507,0.9948717052585192
all-mpnet-base-v2,0.5199999999999998,0.9942492377105422,6.088030491752842e-06,0.7593211447656308,0.00016287089593442275,0.8610006822473426,8.050318297057044e-05,0.7593211447656308,0.9956814177266077
all-mpnet-base-v2,0.5299999999999998,0.9952037624914192,8.031242411513441e-06,0.7454234231418317,0.0002040206155737657,0.8523311533110276,0.00010518714822161843,0.7454234231418317,0.9965035669849065
all-mpnet-base-v2,0.5399999999999998,0.9966384215549935,3.2122782646678796e-06,0.7297235385716669,0.00017346537340678507,0.8424851674856288,8.380936171258456e-05,0.7297235385716669,0.9975643327032065
all-mpnet-base-v2,0.5499999999999998,0.9965574817890192,3.3547461620037017e-06,0.7120784428552185,0.00016476119859516842,0.8305745732702732,8.234838206866085e-05,0.7120784428552185,0.9975643327032065
all-mpnet-base-v2,0.5599999999999997,0.9980557342289629,1.3969273139479317e-06,0.6977088847130033,0.00017014559747133127,0.8212151561737082,8.400538134744007e-05,0.6977088847130033,0.9986425015471341
all-mpnet-base-v2,0.5699999999999997,0.9980180414662595,1.4412995938535475e-06,0.6822350081898968,0.00019458565220896307,0.8103689136792855,9.744631690905323e-05,0.6822350081898968,0.9986425015471341
all-mpnet-base-v2,0.5799999999999997,0.9979658312391958,1.514705129788259e-06,0.6654109981808076,0.00019145823805189244,0.7983608832119728,0.0001004205148831427,0.6654109981808076,0.9986425015471341
all-mpnet-base-v2,0.5899999999999997,0.9983292008410265,2.2917657480313526e-06,0.6491338044524128,0.00017424548163966973,0.7866476255792774,9.753184106353346e-05,0.6491338044524128,0.998910957922973
all-mpnet-base-v2,0.5999999999999998,0.9986913918439473,1.1490227735772888e-06,0.6324440373880378,0.000106941800525597,0.7744058936254319,6.471897640042647e-05,0.6324440373880378,0.9991902875319114
all-mpnet-base-v2,0.6099999999999998,0.9986563707930622,1.2135540750566793e-06,0.6147013340048295,0.00012225064897811904,0.7609369159852417,7.607374587564892e-05,0.6147013340048295,0.9991902875319114
all-mpnet-base-v2,0.6199999999999998,0.9986303985237234,1.2621786023286675e-06,0.5992532489485117,0.00010207219436992435,0.7489824441891523,6.412527927750637e-05,0.5992532489485117,0.9991902875319114
all-mpnet-base-v2,0.6299999999999997,0.9990508846830493,1.3621571854069848e-06,0.5822189341059403,9.41045151066201e-05,0.7356487011709516,6.12344461543456e-05,0.5822189341059403,0.9994642601346513
all-mpnet-base-v2,0.6399999999999997,0.9990173997129077,1.4595676070630083e-06,0.5616239684513044,7.723717277226556e-05,0.7189876640224495,5.267303274488667e-05,0.5616239684513044,0.9994642601346513
all-mpnet-base-v2,0.6499999999999997,0.9989827492844434,1.5606137777475835e-06,0.5430590048721491,5.045334398173547e-05,0.7035947343564898,3.640000903070286e-05,0.5430590048721491,0.9994642601346513
all-mpnet-base-v2,0.6599999999999997,0.9994350282485875,1.2767723195761381e-06,0.5253693165425931,0.00018157057937270428,0.6886116655755806,0.00013651069479746862,0.5253693165425931,0.9997435897435898
all-mpnet-base-v2,0.6699999999999997,0.999410029498525,1.392260770442343e-06,0.5055114935861712,0.0002029072498990412,0.6713023656592226,0.00016148603013933327,0.5055114935861712,0.9997435897435898
all-mpnet-base-v2,0.6799999999999997,1.0,0.0,0.4828261671808627,0.0002479827956652297,0.6510733581605679,0.00020184577508133313,0.4828261671808627,1.0
all-mpnet-base-v2,0.6899999999999997,1.0,0.0,0.4651001996554781,0.00025509321780776577,0.6347440513671916,0.00021975770052912007,0.4651001996554781,1.0
all-mpnet-base-v2,0.6999999999999996,1.0,0.0,0.44481903854774163,0.0002469364044502552,0.6155806767756455,0.0002243968984882177,0.44481903854774163,1.0
all-mpnet-base-v2,0.7099999999999996,1.0,0.0,0.42016502517161686,7.065321063660986e-05,0.5916638186328076,6.89362627696797e-05,0.42016502517161686,1.0
all-mpnet-base-v2,0.7199999999999996,1.0,0.0,0.3978291687954237,7.519546127106277e-05,0.5691548047483835,7.915909945853608e-05,0.3978291687954237,1.0
all-mpnet-base-v2,0.7299999999999996,1.0,0.0,0.3777839326300286,3.961070509979109e-05,0.5483632227407318,4.416949670753796e-05,0.3777839326300286,1.0
all-mpnet-base-v2,0.7399999999999997,1.0,0.0,0.36102208564565486,4.279337344086606e-05,0.5304822504235461,4.9689817121658556e-05,0.36102208564565486,1.0
all-mpnet-base-v2,0.7499999999999997,1.0,0.0,0.34394541483640084,5.4683879837262506e-05,0.5117993500881444,6.680260610038451e-05,0.34394541483640084,1.0
all-mpnet-base-v2,0.7599999999999997,1.0,0.0,0.32472032409621565,2.9336689399158804e-05,0.4902220598214167,3.830538220238241e-05,0.32472032409621565,1.0
all-mpnet-base-v2,0.7699999999999997,1.0,0.0,0.3008726067634905,1.160924929864113e-05,0.4625598976765669,1.6199586609958788e-05,0.3008726067634905,1.0
all-mpnet-base-v2,0.7799999999999997,1.0,0.0,0.27897301378559547,2.4076411763090307e-05,0.4362223295147577,3.599901031608428e-05,0.27897301378559547,1.0
all-mpnet-base-v2,0.7899999999999996,1.0,0.0,0.26096466150673003,3.608391456572609e-05,0.4138767625899405,5.699878123882453e-05,0.26096466150673003,1.0
all-mpnet-base-v2,0.7999999999999996,1.0,0.0,0.2428871853962684,1.5714331158300965e-05,0.39082716197751355,2.6222584282992872e-05,0.2428871853962684,1.0
all-mpnet-base-v2,0.8099999999999996,1.0,0.0,0.2249262332106919,2.1908709565306466e-05,0.3672248496543114,3.8690867258193046e-05,0.2249262332106919,1.0
all-mpnet-base-v2,0.8199999999999996,1.0,0.0,0.20070624380538465,5.882707971061502e-05,0.33424525850209486,0.0001146354181037674,0.20070624380538465,1.0
all-mpnet-base-v2,0.8299999999999996,1.0,0.0,0.18684995123238535,7.828099121767976e-05,0.31477294533982747,0.0001592430314909904,0.18684995123238535,1.0
all-mpnet-base-v2,0.8399999999999996,1.0,0.0,0.16576255971081422,4.7615562660036995e-05,0.28432446291363445,0.00010381077245074043,0.16576255971081422,1.0
all-mpnet-base-v2,0.8499999999999996,1.0,0.0,0.14835730805696762,4.406929431678099e-05,0.25832372257377173,0.0001008994327031907,0.14835730805696762,1.0
all-mpnet-base-v2,0.8599999999999995,1.0,0.0,0.13047533374976167,2.703399037952882e-05,0.23079532263825212,6.602519902572712e-05,0.13047533374976167,1.0
all-mpnet-base-v2,0.8699999999999996,1.0,0.0,0.11310065396928233,1.4158414426550522e-05,0.20319678761162696,3.681517816137187e-05,0.11310065396928233,1.0
all-mpnet-base-v2,0.8799999999999996,1.0,0.0,0.09735534223222561,1.9290458389700323e-05,0.17740713861979837,5.3127590247222987e-05,0.09735534223222561,1.0
all-mpnet-base-v2,0.8899999999999996,1.0,0.0,0.08210560655814506,1.6239072644138695e-05,0.15172602078841338,4.7029810039437883e-05,0.08210560655814506,1.0
dwulff/mpnet-personality,0.1,0.626535016560592,0.0002594305084389884,0.9929001356444417,5.87694299336355e-06,0.7681673124353612,0.00015831076852371731,0.9929001356444417,0.4081322458416917
dwulff/mpnet-personality,0.11,0.6542124025835887,0.0002421390743195749,0.991522409123203,7.93665811915361e-06,0.7882118788146011,0.00014526964281783104,0.991522409123203,0.47594780842365436
dwulff/mpnet-personality,0.12,0.6810286939705479,0.00010818493284356209,0.9899364296907105,9.92124191461946e-06,0.8068884900297215,6.030448889974766e-05,0.9899364296907105,0.5362194615450859
dwulff/mpnet-personality,0.13,0.7136677228608236,0.00015208395460747086,0.9872253845371443,5.836793107407535e-06,0.8283989969078587,8.022430665034674e-05,0.9872253845371443,0.6039446528678433
dwulff/mpnet-personality,0.13999999999999999,0.7453545347059392,0.00017275868653407255,0.9831720575043835,1.4259195268294639e-05,0.8478404320383847,7.912603682145325e-05,0.9831720575043835,0.6643629873216776
dwulff/mpnet-personality,0.14999999999999997,0.7742361363691568,0.00012641749593662963,0.9779838402173638,1.2748608972326292e-05,0.8642238813518188,5.798387102644557e-05,0.9779838402173638,0.7150711584662062
dwulff/mpnet-personality,0.15999999999999998,0.794282034442292,0.00013248975892851577,0.9752234354103783,1.6469235022662167e-05,0.8754681135042031,6.557467725714947e-05,0.9752234354103783,0.7476262419479642
dwulff/mpnet-personality,0.16999999999999998,0.8235080145598499,0.0002181334795228881,0.9741644652005472,2.2352983145091646e-05,0.8924514065037881,8.320792441552903e-05,0.9741644652005472,0.7914195582024319
dwulff/mpnet-personality,0.17999999999999997,0.8436378934659372,0.00015029047924156752,0.9711099839088637,4.992763805806594e-05,0.9028510820545854,7.037701293998984e-05,0.9711099839088637,0.8200539655935568
dwulff/mpnet-personality,0.18999999999999995,0.8680649798442477,9.523756291557784e-05,0.9684245588641565,2.5186797967378476e-05,0.9154810080698865,4.655077622443521e-05,0.9684245588641565,0.8528762022334796
dwulff/mpnet-personality,0.19999999999999996,0.8885077785530944,3.558658251062585e-05,0.9649130963475818,3.683784383489993e-05,0.925125504769228,2.699943385470017e-05,0.9649130963475818,0.8788504400365624
dwulff/mpnet-personality,0.20999999999999996,0.9029501652987506,2.489617667146755e-05,0.959762454620666,2.4496023313728956e-05,0.930488524124961,2.3478585228529992e-05,0.959762454620666,0.8967550655598215
dwulff/mpnet-personality,0.21999999999999995,0.9164691268122954,4.2741123133816006e-05,0.9534994715481412,2.2286342053621636e-05,0.934614052280368,2.9735540777802908e-05,0.9534994715481412,0.9131024229565666
dwulff/mpnet-personality,0.22999999999999995,0.9255701208371514,4.115527515396344e-05,0.9492310592753196,1.8190756372167844e-05,0.9372417972943188,2.1216941484457942e-05,0.9492310592753196,0.923724965257855
dwulff/mpnet-personality,0.23999999999999994,0.9365533644923844,2.8482451000741665e-05,0.9456751888698337,2.5894166270937624e-05,0.9410815005174653,1.718821926197135e-05,0.9456751888698337,0.9358976236722679
dwulff/mpnet-personality,0.24999999999999992,0.9424641750498521,1.632106189395419e-05,0.9377679034645301,2.0955777250885247e-05,0.9400973155666492,6.558199981907608e-06,0.9377679034645301,0.9426639907172764
dwulff/mpnet-personality,0.2599999999999999,0.9508058193891442,1.4574993873880986e-05,0.9298498532438921,4.537594770659674e-05,0.940200048322486,2.0138686331652094e-05,0.9298498532438921,0.9519709197269813
dwulff/mpnet-personality,0.2699999999999999,0.9561343897996137,5.941273809269086e-06,0.9241494030319043,4.6514553326068025e-05,0.9398615793077942,1.9498799724802946e-05,0.9241494030319043,0.9576545431374107
dwulff/mpnet-personality,0.2799999999999999,0.9613521613288192,2.8138524707555873e-06,0.9176070274102767,8.222617819967718e-05,0.9389419694330199,1.8764589823856574e-05,0.9176070274102767,0.9630327904721518
dwulff/mpnet-personality,0.2899999999999999,0.9671009307592744,7.1332600585624186e-06,0.9107893630840028,0.00012231568834482554,0.9380700825866534,4.125826288377728e-05,0.9107893630840028,0.969053787536707
dwulff/mpnet-personality,0.29999999999999993,0.9697242414954609,6.439910998199228e-07,0.9040142260823412,0.0001158326688829483,0.9356866383387065,3.635342729593646e-05,0.9040142260823412,0.9717294747559265
dwulff/mpnet-personality,0.30999999999999994,0.9726182762800173,1.689262229381481e-06,0.8969883088448138,0.00013284650525833012,0.9332391321233662,4.356179796624749e-05,0.8969883088448138,0.9747308801806247
dwulff/mpnet-personality,0.3199999999999999,0.9748915511951992,4.455888858634321e-06,0.8864411179237932,8.708693034138776e-05,0.9285412043298372,3.011016959451213e-05,0.8864411179237932,0.9772015120753913
dwulff/mpnet-personality,0.32999999999999985,0.9767250824245283,8.971768468372523e-07,0.8774680299798516,9.824526575207043e-05,0.9244116147871534,3.175370404834761e-05,0.8774680299798516,0.9790838771605065
dwulff/mpnet-personality,0.33999999999999986,0.9792247765167238,6.487845541650709e-06,0.8684802581003149,7.037445001596803e-05,0.9205051037990843,1.855457030593462e-05,0.8684802581003149,0.9815080482293549
dwulff/mpnet-personality,0.34999999999999987,0.9820549643011482,4.64702948875251e-06,0.8621905432788519,0.00012252883211075576,0.9181875547887255,3.967785849723701e-05,0.8621905432788519,0.98425824118314
dwulff/mpnet-personality,0.3599999999999999,0.9842693943214185,5.906810853977714e-06,0.8526509899878463,0.0001653959760919834,0.9136972808224331,6.134882060836095e-05,0.8526509899878463,0.9864608082468329
dwulff/mpnet-personality,0.3699999999999999,0.9862740198108572,3.3270190482488186e-06,0.8420544394134062,0.000179280024742411,0.9084276209858414,7.024167203096145e-05,0.8420544394134062,0.9883443462182772
dwulff/mpnet-personality,0.3799999999999999,0.9870772836464262,3.0691455355101837e-06,0.8317066171526039,0.00023133785174698937,0.9026839902354744,8.441654984581302e-05,0.8317066171526039,0.9891540586863659
dwulff/mpnet-personality,0.3899999999999999,0.9881684225391604,2.3001173987125055e-06,0.8184562326848048,0.0002199331878688175,0.8952716286468039,8.256658314039678e-05,0.8184562326848048,0.9902379752072739
dwulff/mpnet-personality,0.3999999999999998,0.9906145258031765,5.494660349138424e-06,0.8086798275355751,0.00022293302644957867,0.8903871455630352,9.530736372055557e-05,0.8086798275355751,0.9924291182723998
dwulff/mpnet-personality,0.4099999999999998,0.9908174111530356,4.645441697661357e-06,0.7977911600365675,0.00024299592277775682,0.8838184112867318,0.00010468106056704207,0.7977911600365675,0.9927030908751396
dwulff/mpnet-personality,0.4199999999999998,0.9919962647364089,7.804977999960258e-06,0.7858060391297229,0.00029085446150222836,0.8768652666550791,0.00013496724079045653,0.7858060391297229,0.9938049604131589
dwulff/mpnet-personality,0.4299999999999998,0.9936178839482851,4.400809206914343e-06,0.7722408308370439,0.00030400930611778585,0.8689618368265819,0.00013833495595557815,0.7722408308370439,0.9951508034173779
dwulff/mpnet-personality,0.43999999999999984,0.994225034208171,5.63411301195828e-06,0.7595026792942132,0.0002766923261646368,0.8610662026676676,0.00012612420470516889,0.7595026792942132,0.9956987486228573
dwulff/mpnet-personality,0.44999999999999984,0.9944664932008429,8.19735437261322e-06,0.7455694340325385,0.00033529505102951703,0.8521057188604587,0.00015916289686145508,0.7455694340325385,0.995972721225597
dwulff/mpnet-personality,0.45999999999999985,0.9943763116897706,8.395247055671402e-06,0.7337068509729244,0.00021388272225504905,0.8443150982518188,0.00011013342458326457,0.7337068509729244,0.995972721225597
dwulff/mpnet-personality,0.46999999999999986,0.9942739324036116,8.769837791712438e-06,0.7208966328763617,0.00026908451859433637,0.8357103683505839,0.00013866366519790901,0.7208966328763617,0.995972721225597
dwulff/mpnet-personality,0.47999999999999976,0.9953476310715399,6.208276350188322e-06,0.710394869122233,0.0001965595918537419,0.8290052083735582,0.0001043030307733442,0.710394869122233,0.9967773081375665
dwulff/mpnet-personality,0.48999999999999977,0.9968308480720077,7.318996925688027e-06,0.6990097642739316,0.0001937089691145864,0.8217018921729569,0.000104462299061009,0.6990097642739316,0.9978558676522757
dwulff/mpnet-personality,0.4999999999999998,0.9975750494716011,3.943417234327641e-06,0.6836315358574541,0.00018562243634879502,0.8112196758559793,9.773579930287615e-05,0.6836315358574541,0.9983916075176247
dwulff/mpnet-personality,0.5099999999999998,0.997964065117627,3.189364644264817e-06,0.6693123566466392,0.00014767472578983856,0.8011846181089991,7.770266194434062e-05,0.6693123566466392,0.9986480177740347
dwulff/mpnet-personality,0.5199999999999998,0.9979246901828869,3.328614616588949e-06,0.6552705314289655,8.67894742669595e-05,0.7910488074406409,4.673483441166412e-05,0.6552705314289655,0.9986480177740347
dwulff/mpnet-personality,0.5299999999999998,0.9982911677322024,2.522657469270166e-06,0.6415168772830654,4.7227698142065494e-05,0.7810700366323359,2.5851872321633588e-05,0.6415168772830654,0.9989273473829734
dwulff/mpnet-personality,0.5399999999999998,0.9982617821381663,2.6095571796351576e-06,0.6267249212716852,3.726731368324679e-05,0.7699971124412589,1.821535467153349e-05,0.6267249212716852,0.9989273473829734
dwulff/mpnet-personality,0.5499999999999998,0.9995238095238095,9.070294784580434e-07,0.6085142081282238,8.947376380881867e-05,0.7564384476205774,5.426775108206048e-05,0.6085142081282238,0.9997435897435898
dwulff/mpnet-personality,0.5599999999999997,0.9995110024449877,9.564744352317012e-07,0.5946538117107675,0.00016243511506495775,0.7455949559085111,0.00010185031966753265,0.5946538117107675,0.9997435897435898
dwulff/mpnet-personality,0.5699999999999997,0.9994910941475826,1.0359406664982996e-06,0.5745059237520064,0.00017135097437850143,0.7295396675778504,0.00011356861411658063,0.5745059237520064,0.9997435897435898
dwulff/mpnet-personality,0.5799999999999997,0.9994722955145118,1.1138880960171853e-06,0.5568312754401714,0.00013502290311005548,0.7151363007131255,9.453515854239316e-05,0.5568312754401714,0.9997435897435898
dwulff/mpnet-personality,0.5899999999999997,0.9994550408719347,1.1879218050472177e-06,0.5399649094643997,0.00013472866013506762,0.7010652338551514,9.845024418972648e-05,0.5399649094643997,0.9997435897435898
dwulff/mpnet-personality,0.5999999999999998,0.9994301994301994,1.2986907573801731e-06,0.5223217599418147,0.00016965944403006747,0.6859928636895549,0.0001302455018438751,0.5223217599418147,0.9997435897435898
dwulff/mpnet-personality,0.6099999999999998,0.9994169096209913,1.3599775603702421e-06,0.5058619334110251,0.00013432503442060395,0.6716513264663136,0.000106586013262368,0.5058619334110251,0.9997435897435898
dwulff/mpnet-personality,0.6199999999999998,0.999388379204893,1.4963199880294582e-06,0.48813391396341216,0.0001668374326871279,0.6558084996401385,0.00014024446972404008,0.48813391396341216,0.9997435897435898
dwulff/mpnet-personality,0.6299999999999997,0.9993690851735015,1.5922140731821196e-06,0.4734506436363958,0.00013626235229520725,0.6424328334164148,0.00012040946340664162,0.4734506436363958,0.9997435897435898
dwulff/mpnet-personality,0.6399999999999997,0.9993377483443708,1.754309021534161e-06,0.45468645324136253,0.0001323144276555227,0.6249251905268997,0.00012485168543341913,0.45468645324136253,0.9997435897435898
dwulff/mpnet-personality,0.6499999999999997,0.9993150684931507,1.8765246762995082e-06,0.43687647985832373,0.00013538583935553459,0.6078807645684762,0.00013127131652123904,0.43687647985832373,0.9997435897435898
dwulff/mpnet-personality,0.6599999999999997,0.9993103448275862,1.9024970273484023e-06,0.42430306413774294,0.0001467652499634909,0.5955841107192266,0.00014247333801267468,0.42430306413774294,0.9997435897435898
dwulff/mpnet-personality,0.6699999999999997,0.9992700729927007,2.1311737439395346e-06,0.4062938639388263,0.00013738341213392118,0.5776070254099982,0.00014264557026015203,0.4062938639388263,0.9997435897435898
dwulff/mpnet-personality,0.6799999999999997,1.0,0.0,0.3884198469667731,0.00011003062612663123,0.5594315977015545,0.00011761947721991254,0.3884198469667731,1.0
dwulff/mpnet-personality,0.6899999999999997,1.0,0.0,0.3720161829046206,0.0001682458287780205,0.5421610099082873,0.00018978383721073895,0.3720161829046206,1.0
dwulff/mpnet-personality,0.6999999999999996,1.0,0.0,0.3537829342187761,0.00016368332385450265,0.5225260215685897,0.00019588663192909332,0.3537829342187761,1.0
dwulff/mpnet-personality,0.7099999999999996,1.0,0.0,0.33537106421289564,0.00010929241054443914,0.5021968366456194,0.0001384420513363438,0.33537106421289564,1.0
dwulff/mpnet-personality,0.7199999999999996,1.0,0.0,0.3182815766660788,0.00012389675513735924,0.4827648683983873,0.00016534151857219376,0.3182815766660788,1.0
dwulff/mpnet-personality,0.7299999999999996,1.0,0.0,0.2989893711366699,9.39220026527742e-05,0.46025547129142214,0.0001330284399727692,0.2989893711366699,1.0
dwulff/mpnet-personality,0.7399999999999997,1.0,0.0,0.28065238853096963,7.975784792664603e-05,0.4382199509191058,0.00011882499327196328,0.28065238853096963,1.0
dwulff/mpnet-personality,0.7499999999999997,1.0,0.0,0.2662976066864478,0.00011153059424547937,0.420482518354137,0.0001737554849239596,0.2662976066864478,1.0
dwulff/mpnet-personality,0.7599999999999997,1.0,0.0,0.25142281930600124,8.290571769411547e-05,0.40173435697013354,0.00013578038474805005,0.25142281930600124,1.0
dwulff/mpnet-personality,0.7699999999999997,1.0,0.0,0.23889881272108196,0.00010090608055509786,0.38555690363337025,0.00017172783200344817,0.23889881272108196,1.0
dwulff/mpnet-personality,0.7799999999999997,1.0,0.0,0.22429342199862373,9.624366392382502e-05,0.3662995753934538,0.00017206487969663423,0.22429342199862373,1.0
dwulff/mpnet-personality,0.7899999999999996,1.0,0.0,0.20628320252172613,0.00010925123236294422,0.34188975548616496,0.00020742593477364948,0.20628320252172613,1.0
dwulff/mpnet-personality,0.7999999999999996,1.0,0.0,0.1870423028396002,7.394496123029196e-05,0.3150513938796966,0.00014987549501093643,0.1870423028396002,1.0
dwulff/mpnet-personality,0.8099999999999996,1.0,0.0,0.17129305861601613,9.051481810231616e-05,0.2923724225425328,0.00019345945373544474,0.17129305861601613,1.0
dwulff/mpnet-personality,0.8199999999999996,1.0,0.0,0.15592098596622422,4.055458969899342e-05,0.2697254439465794,9.07688423566219e-05,0.15592098596622422,1.0
dwulff/mpnet-personality,0.8299999999999996,1.0,0.0,0.14234791270049038,3.534872688434824e-05,0.24917264850579263,8.240390266149225e-05,0.14234791270049038,1.0
dwulff/mpnet-personality,0.8399999999999996,1.0,0.0,0.1275184734911043,5.052906803266746e-05,0.22612263293326848,0.00012509047904234774,0.1275184734911043,1.0
dwulff/mpnet-personality,0.8499999999999996,1.0,0.0,0.11643435645213918,3.511264366121925e-05,0.2085318809410785,9.109889229893644e-05,0.11643435645213918,1.0
dwulff/mpnet-personality,0.8599999999999995,1.0,0.0,0.09982345875671383,6.152421112300287e-05,0.1814336763320579,0.00016879598614481477,0.09982345875671383,1.0
dwulff/mpnet-personality,0.8699999999999996,1.0,0.0,0.08646863429334836,2.7736482184532892e-05,0.1591305395127817,7.940114616369917e-05,0.08646863429334836,1.0
dwulff/mpnet-personality,0.8799999999999996,1.0,0.0,0.07488322050267907,2.4008010711002948e-05,0.13929412786071743,7.180680044054677e-05,0.07488322050267907,1.0
dwulff/mpnet-personality,0.8899999999999996,1.0,0.0,0.06292585062275367,6.486867897497749e-06,0.1183904102815995,2.0294319659310804e-05,0.06292585062275367,1.0
